Category,Keywords
Plumbers,"Toronto plumbers,emergency plumbers Toronto,licensed plumbers Toronto,residential plumbers Toronto,commercial plumbers Toronto,24/7 plumbers Toronto"
Electricians,"Toronto electricians,licensed electricians Toronto,residential electricians Toronto,commercial electricians Toronto,emergency electricians Toronto"
Painters,"Painters in Toronto,house painters Toronto,commercial painters Toronto,interior painters Toronto,exterior painters Toronto"
HVAC Services,"HVAC services Toronto,AC repair Toronto,heating repair Toronto,furnace installation Toronto,air conditioning installation Toronto"
Roofing Contractors,"Roofing contractors Toronto,roof repair Toronto,roof replacement Toronto,emergency roof repair Toronto,commercial roofing Toronto"
Home Renovation,"Home renovation Toronto,home improvement Toronto,kitchen renovation Toronto,bathroom renovation Toronto,basement renovation Toronto"
Carpenters,"Carpenters Toronto,custom carpentry Toronto,finish carpentry Toronto,cabinet makers Toronto,woodworking Toronto"
Flooring Contractors,"Flooring installation Toronto,hardwood flooring Toronto,tile installation Toronto,carpet installation Toronto,vinyl flooring Toronto"
Drywall Contractors,"Drywall contractors Toronto,drywall repair Toronto,wall installation Toronto,ceiling repair Toronto,texture specialists Toronto"
Masonry Contractors,"Masonry contractors Toronto,brick layers Toronto,stone masons Toronto,concrete contractors Toronto,chimney repair Toronto"
Landscapers,"Landscapers Toronto,landscape design Toronto,garden maintenance Toronto,lawn care Toronto,hardscaping Toronto"
Fence Contractors,"Fence contractors Toronto,fence installation Toronto,fence repair Toronto,gate installation Toronto,privacy fence Toronto"
Window Installers,"Window installation Toronto,window replacement Toronto,window repair Toronto,glass installation Toronto,window specialists Toronto"
Door Installers,"Door installation Toronto,door repair Toronto,garage door installation Toronto,entry door installation Toronto,storm door installation Toronto"
Garage Door Services,"Garage door repair Toronto,garage door installation Toronto,automatic door Toronto,garage door opener Toronto,emergency garage door repair"
Pest Control,"Pest control Toronto,exterminators Toronto,bed bug removal Toronto,rodent control Toronto,insect control Toronto"
Cleaning Services,"House cleaning Toronto,commercial cleaning Toronto,deep cleaning Toronto,move-in cleaning Toronto,post-construction cleaning Toronto"
Moving Services,"Movers Toronto,moving companies Toronto,residential movers Toronto,commercial movers Toronto,local movers Toronto"
Security Systems,"Security system installation Toronto,alarm installation Toronto,camera installation Toronto,home security Toronto,business security Toronto"
Pool Services,"Pool contractors Toronto,pool maintenance Toronto,pool repair Toronto,pool installation Toronto,hot tub installation Toronto"
Deck Builders,"Deck builders Toronto,deck installation Toronto,deck repair Toronto,patio construction Toronto,pergola installation Toronto"
Asphalt Services,"Asphalt contractors Toronto,driveway paving Toronto,parking lot paving Toronto,asphalt repair Toronto,sealcoating Toronto"
Insulation Contractors,"Insulation contractors Toronto,attic insulation Toronto,wall insulation Toronto,spray foam insulation Toronto,energy efficiency Toronto"
Glass Services,"Glass repair Toronto,window glass replacement Toronto,shower door installation Toronto,mirror installation Toronto,commercial glass Toronto"
Gutter Services,"Gutter installation Toronto,gutter repair Toronto,gutter cleaning Toronto,eavestrough installation Toronto,downspout repair Toronto"
